{"cameraMode":{"drawMode":0,"name":"Shaded","section":"Shading Mode"},"sceneLighting":true,"audioPlay":false,"sceneViewState":{"showFog":true,"showMaterialUpdate":false,"showSkybox":true,"showFlares":true,"showImageEffects":true,"showParticleSystems":true},"in2DMode":false,"pivot":{"x":29.693227767944337,"y":-52.21028518676758,"z":219.9748077392578},"rotation":{"x":-0.11406298726797104,"y":-0.0030108564533293249,"z":0.00035377300810068846,"w":-0.9934834241867065},"size":123.53801727294922,"orthographic":false}