{"cameraMode":{"drawMode":0,"name":"Shaded","section":"Shading Mode"},"sceneLighting":false,"audioPlay":false,"sceneViewState":{"showFog":true,"showMaterialUpdate":false,"showSkybox":false,"showFlares":true,"showImageEffects":true,"showParticleSystems":true},"in2DMode":false,"pivot":{"x":-23.584943771362306,"y":2.744737148284912,"z":-5.897925853729248},"rotation":{"x":-0.038747403770685199,"y":0.5961812138557434,"z":-0.02882249839603901,"w":-0.8014060854911804},"size":0.8660253882408142,"orthographic":false}