{"cameraMode":{"drawMode":0,"name":"Shaded","section":"Shading Mode"},"sceneLighting":false,"audioPlay":false,"sceneViewState":{"showFog":true,"showMaterialUpdate":false,"showSkybox":false,"showFlares":true,"showImageEffects":true,"showParticleSystems":true},"in2DMode":false,"pivot":{"x":3.359999895095825,"y":-0.030000001192092897,"z":-2.8499999046325685},"rotation":{"x":-0.038747403770685199,"y":0.5961812138557434,"z":-0.02882249839603901,"w":-0.8014060854911804},"size":0.2598077356815338,"orthographic":false}