{"cameraMode":{"drawMode":0,"name":"Shaded","section":"Shading Mode"},"sceneLighting":true,"audioPlay":false,"sceneViewState":{"showFog":true,"showMaterialUpdate":false,"showSkybox":true,"showFlares":true,"showImageEffects":true,"showParticleSystems":true},"in2DMode":false,"pivot":{"x":-132.91293334960938,"y":-39.02851104736328,"z":30.879026412963868},"rotation":{"x":0.11753522604703903,"y":-0.6632200479507446,"z":0.10655130445957184,"w":0.7314594984054565},"size":129.62966918945313,"orthographic":false}