{"cameraMode":{"drawMode":0,"name":"Shaded","section":"Shading Mode"},"sceneLighting":false,"audioPlay":false,"sceneViewState":{"showFog":true,"showMaterialUpdate":false,"showSkybox":false,"showFlares":true,"showImageEffects":true,"showParticleSystems":true},"in2DMode":false,"pivot":{"x":1.4055564403533936,"y":2.9446659088134767,"z":-0.1074056625366211},"rotation":{"x":-0.09811724722385407,"y":0.8986567854881287,"z":-0.3399014472961426,"w":-0.2596963942050934},"size":4.482844829559326,"orthographic":false}