{"cameraMode":{"drawMode":0,"name":"Shaded","section":"Shading Mode"},"sceneLighting":true,"audioPlay":false,"sceneViewState":{"showFog":true,"showMaterialUpdate":false,"showSkybox":true,"showFlares":true,"showImageEffects":true,"showParticleSystems":true},"in2DMode":false,"pivot":{"x":10.794038772583008,"y":-10.961471557617188,"z":260.354736328125},"rotation":{"x":0.10161346197128296,"y":-0.4707147479057312,"z":0.05455397441983223,"w":0.8748597502708435},"size":7.298086643218994,"orthographic":false}