{"cameraMode":{"drawMode":0,"name":"Shaded","section":"Shading Mode"},"sceneLighting":false,"audioPlay":false,"sceneViewState":{"showFog":true,"showMaterialUpdate":false,"showSkybox":false,"showFlares":true,"showImageEffects":true,"showParticleSystems":true},"in2DMode":false,"pivot":{"x":2.2622063159942629,"y":-4.869594097137451,"z":20.044538497924806},"rotation":{"x":-0.040890201926231387,"y":0.6756332516670227,"z":-0.03759659454226494,"w":-0.7352204918861389},"size":22.537342071533204,"orthographic":false}